"n","roadkill_median","random_median","p_value"
16,2256.64991039365,290.541843501581,0.00788233726488395
